id,academic_fit,experiential_value,competition,preparation_burden,priority,rationale,last_evaluated
aalto-asci-2027,high,high,very_high,medium,high,Strong research match depends on December project list; paid international placement,2026-09-30
saarland-qit-2027,medium,high,미확인,medium,high,Undergraduate-focused QIT school; recommendation requirement reported; official page needs recheck,2026-09-30
esslli-2027,high,high,미확인,low,medium,Logic and theoretical CS courses; student registration not yet verified,2026-09-30
fields-fusrp-2027,high,high,very_high,high,high,Undergraduate mathematics research; limited places reported,2026-09-30
sfi-ucr-2027,high,high,very_high,high,high,Nearby Santa Fe residential research with strong math and CS fit; 2027 call and work authorization remain to verify,2026-10-01
goemmi-2027,high,high,high,medium,low,Strong intellectual fit but reported overlap with UNM spring,2026-09-30
plmw-popl-2027,high,high,미확인,medium,high,Senior undergraduate PL mentoring in Mexico City; scholarship deadline is October 19 AoE,2026-10-01
epfl-e3-2027,high,high,high,high,high,Flexible summer research timeline reported; official 2027 call needs recheck,2026-09-30
unm-qu-reach-2027,medium,high,미확인,medium,medium,Local paid quantum research; exchange enrollment and summer work authorization are unresolved,2026-10-01
unm-math-drp-2027,high,high,미확인,low,high,Low-burden route to mathematics mentors and a possible summer project at UNM,2026-10-01
unm-research-match-2027,high,high,미확인,low,high,Direct route to UNM faculty projects that may continue into summer; project availability varies,2026-10-01
