"source_task","source_task_id","report_number","label_from_report","official_url"
"Student & Research Radar","6a9e27c4-e04c-83e8-b737-811c053a65d1","1","Harvard CMSA 공식 페이지 및 Zoom 등록","https://cmsa.fas.harvard.edu/event/gml_2026/"
"Student & Research Radar","6a9e27c4-e04c-83e8-b737-811c053a65d1","1","FORTH 공식 PIML 안내·등록","https://spl.ics.forth.gr/titan/vcontent/news-announcements/physics-informed-machine-learning.html"
"Student & Research Radar","6a9e27c4-e04c-83e8-b737-811c053a65d1","1","IPAM 공식 행사·등록 페이지","https://www.ipam.ucla.edu/programs/workshops/pdes-verification-mathematics-and-algorithms-in-the-age-of-ai/?tab=application-registration"
"Student & Research Radar","6a9e27c4-e04c-83e8-b737-811c053a65d1","1","Simons Institute 공식 등록 페이지","https://simons.berkeley.edu/registration-spectral-theory-beyond-graphs"
"Student & Research Radar","6a9e27c4-e04c-83e8-b737-811c053a65d1","1","NTU GDL2026 공식 페이지","https://www.ntu.edu.sg/spms/news-events/events/detail/2026/09/28/default-calendar/ias-frontiers-conference-on-geometry--dynamics--and-learning"
"Student & Research Radar","6a9e27c4-e04c-83e8-b737-811c053a65d1","1","KAUST AMS 공식 지원 페이지","https://cemse.kaust.edu.sa/internship-opportunities/applied-mathematics-school-ams"
"Student & Research Radar","6a9e27c4-e04c-83e8-b737-811c053a65d1","2","KIAS 공식 행사 목록","https://www.kias.re.kr/kias/main/main.do?lang=en"
"Student & Research Radar","6a9e27c4-e04c-83e8-b737-811c053a65d1","2","KIAS 공식 세미나 페이지","https://www.kias.re.kr/kias/activities/seminars/view.do?menuNo=404003&seqno=PGN1720260824-0002"
"Student & Research Radar","6a9e27c4-e04c-83e8-b737-811c053a65d1","2","STPV 2026 공식 페이지·등록","https://msp.cis.strath.ac.uk/stpv2026/"
"Student & Research Radar","6a9e27c4-e04c-83e8-b737-811c053a65d1","2","KIAS 공식 세미나 정보","https://kias.re.kr/kias/activities/seminars/view.do?edate=&menuNo=402073&mjrcdnm=&pageIndex=1&schoolsCd=C&sdate=2026-08-31&seqno=PGN1720260723-0001"
"Student & Research Radar","6a9e27c4-e04c-83e8-b737-811c053a65d1","3","VeriCodeGen 공식 페이지·CFP·Lean Refactor Arena","https://vericodegen.github.io/"
"Student & Research Radar","6a9e27c4-e04c-83e8-b737-811c053a65d1","3","Fields Institute 공식 세미나 페이지","https://www.fieldsinstitute.ca/talks/Operator-Learning-Families-Finite-State-Mean-Field-Games"
"Student & Research Radar","6a9e27c4-e04c-83e8-b737-811c053a65d1","3","KIAS Mathematical Challenges 공식 행사 목록","https://kias.re.kr/kias/activities/conferences/list.do?centrspgmsCd=CMC&menuNo=403010"
"Student & Research Radar","6a9e27c4-e04c-83e8-b737-811c053a65d1","3","Notre Dame SciML 공식 안내·무료 등록","https://sciml26nd.github.io/information.html"
"Student & Research Radar","6a9e27c4-e04c-83e8-b737-811c053a65d1","3","공식 conference page","https://ef-geometry-events.univie.ac.at/curvature-optimal-transport-and-gravity/"
"Student & Research Radar","6a9e27c4-e04c-83e8-b737-811c053a65d1","4","Fields 공식 Mathematical Foundations of AI 페이지·등록","https://fieldsinstitute.ca/activities/26-27/SGC-AI"
"Student & Research Radar","6a9e27c4-e04c-83e8-b737-811c053a65d1","4","ICERM 공식 workshop/application 페이지","https://icerm.brown.edu/program/hot_topics_workshop/htw-26-aia"
"Student & Research Radar","6a9e27c4-e04c-83e8-b737-811c053a65d1","5","Fields 공식 강의계획·등록","https://fieldsinstitute.ca/activities/26-27/SGC-graphs"
"Student & Research Radar","6a9e27c4-e04c-83e8-b737-811c053a65d1","5","Fields 공식 Mathematics for AI Safety 페이지","https://fieldsinstitute.ca/activities/26-27/SGC-safety"
"Student & Research Radar","6a9e27c4-e04c-83e8-b737-811c053a65d1","5","현재 Fields Lean 과정 상태","https://www.fieldsinstitute.ca/activities/26-27/SGC-Lean"
"Student & Research Radar","6a9e27c4-e04c-83e8-b737-811c053a65d1","6","Fields 공식 강연 페이지","https://www.fieldsinstitute.ca/talks/Benign-Loss-Landscapes-Can-Coexist-Worst-Case-Hardness"
"Student & Research Radar","6a9e27c4-e04c-83e8-b737-811c053a65d1","6","Mathematical AI Seminar 및 Zoom 등록","https://www.fieldsinstitute.ca/activities/26-27/mathai"
"Student & Research Radar","6a9e27c4-e04c-83e8-b737-811c053a65d1","6","Fields 공식 세미나·등록 페이지","https://fieldsinstitute.ca/activities/26-27/quantum-algorithms-differential-equations-seminar"
"Student & Research Radar","6a9e27c4-e04c-83e8-b737-811c053a65d1","7","RICAM Learning-Based Methods in Scientific Computing 공식 페이지","https://www.ricam.oeaw.ac.at/specsem/specsem2026/workshop3/"
"Student & Research Radar","6a9e27c4-e04c-83e8-b737-811c053a65d1","7","RICAM Training School 공식 페이지","https://www.ricam.oeaw.ac.at/specsem/specsem2026/school/"
"Student & Research Radar","6a9e27c4-e04c-83e8-b737-811c053a65d1","7","RICAM Complexity Theory in Machine Learning 공식 페이지","https://www.ricam.oeaw.ac.at/specsem/specsem2026/workshop5/"
"Student & Research Radar","6a9e27c4-e04c-83e8-b737-811c053a65d1","7","IBS DIMAG 공식 세미나 페이지","https://dimag.ibs.re.kr/event/2026-09-15/"
"Student & Research Radar","6a9e27c4-e04c-83e8-b737-811c053a65d1","7","KIAS 공식 세미나 페이지","https://www.kias.re.kr/kias/activities/seminars/view.do?edate=&menuNo=408014&mjrcdnm=&pageIndex=1&sdate=2026-09-13&seqno=PGN1720260904-0001"
"Student & Research Radar","6a9e27c4-e04c-83e8-b737-811c053a65d1","8","ANU Logic Summer School 공식 페이지","https://comp.anu.edu.au/lss/"
"Student & Research Radar","6a9e27c4-e04c-83e8-b737-811c053a65d1","8","Grant 신청요건","https://comp.anu.edu.au/lss/grants/"
"Student & Research Radar","6a9e27c4-e04c-83e8-b737-811c053a65d1","8","등록 및 학생요금","https://comp.anu.edu.au/lss/registration/"
"Student & Research Radar","6a9e27c4-e04c-83e8-b737-811c053a65d1","8","CoA 2026 공식 페이지 및 등록","https://indico.math.cnrs.fr/event/16397/"
"Student & Research Radar","6a9e27c4-e04c-83e8-b737-811c053a65d1","8","ILLC 공식 DADL workshop 안내","https://www.illc.uva.nl/NewsandEvents/Events/Conferences/newsitem/16337/29-October-2026-Workshop-on-definability-algebra-and-duality-in-non-classical-logic"
"Student & Research Radar","6a9e27c4-e04c-83e8-b737-811c053a65d1","8","SEAMS School 공식 페이지","https://math.upd.edu.ph/seams_gtrf_2026/"
"Student & Research Radar","6a9e27c4-e04c-83e8-b737-811c053a65d1","8","NWPT 2026 CFP","https://1login.easychair.org/cfp/nwpt-2026"
"Student & Research Radar","6a9e27c4-e04c-83e8-b737-811c053a65d1","9","ACL2-2026 공식 페이지·등록","https://www.cs.utexas.edu/~moore/acl2/workshop-2026/index.html"
"Student & Research Radar","6a9e27c4-e04c-83e8-b737-811c053a65d1","9","RHPL 2026 공식 CFP/학생 poster 안내","https://fmindia.cmi.ac.in/rhpl2026/"
"Student & Research Radar","6a9e27c4-e04c-83e8-b737-811c053a65d1","9","UNM 공식 세미나 안내","https://stat.unm.edu/news-events/events/analysis-seminar-pseudodifferential-operators-critical-line-i-background-and"
"Student & Research Radar","6a9e27c4-e04c-83e8-b737-811c053a65d1","9","IFML 공식 symposium/registration","https://ifml.institute/events/ifml-research-symposium-2026"
"Student & Research Radar","6a9e27c4-e04c-83e8-b737-811c053a65d1","10","INI LFCW03 공식 행사 경로","https://www.newton.ac.uk/event/lfcw03/"
"Student & Research Radar","6a9e27c4-e04c-83e8-b737-811c053a65d1","10","EaGL 2026 공식 페이지","https://www.cs.rochester.edu/u/shossei2/eagl2026website/index.html"
"Student & Research Radar","6a9e27c4-e04c-83e8-b737-811c053a65d1","10","IBS 공식 2026 Combinatorics Workshop 페이지","https://indico.ibs.re.kr/event/1315/"
"Student & Research Radar","6a9e27c4-e04c-83e8-b737-811c053a65d1","10","IIT Tirupati 공식 Complex Systems & ML Workshop","https://physics.iittp.ac.in/workshop_csml.html"
"Student & Research Radar","6a9e27c4-e04c-83e8-b737-811c053a65d1","11","Explicit Constructions 공식 workshop 페이지","https://simons.berkeley.edu/workshops/explicit-constructions"
"Student & Research Radar","6a9e27c4-e04c-83e8-b737-811c053a65d1","11","무료 등록 — livestream 선택 가능","https://simons.berkeley.edu/registration-pseudorandomness-high-dimensional-expansion"
"Student & Research Radar","6a9e27c4-e04c-83e8-b737-811c053a65d1","11","Simons Derandomization 공식 페이지","https://simons.berkeley.edu/workshops/derandomization"
"Student & Research Radar","6a9e27c4-e04c-83e8-b737-811c053a65d1","12","MLSS Okinawa 2027 공식 Application 페이지","https://oist.github.io/mlss2027okinawa/application.html"
"Student & Research Radar","6a9e27c4-e04c-83e8-b737-811c053a65d1","12","OIST 공식 행사 페이지","https://www.oist.jp/events/machine-learning-summer-school-2027"
"Student & Research Radar","6a9e27c4-e04c-83e8-b737-811c053a65d1","12","IPAM RIPS-LA 2027 공식 페이지","https://www.ipam.ucla.edu/programs/student-research-programs/research-in-industrial-projects-for-students-rips-2027-los-angeles/"
"Student & Research Radar","6a9e27c4-e04c-83e8-b737-811c053a65d1","13","LLNL DSSI Undergraduate Internship 2027 공식 지원 공고","https://jobs.smartrecruiters.com/LLNL/3743990015289136-data-science-institute-undergraduate-student-intern-summer-2027"
"Student & Research Radar","6a9e27c4-e04c-83e8-b737-811c053a65d1","13","LLNL Computing Undergraduate Early Internship 2027","https://jobs.smartrecruiters.com/LLNL/3743990014981656-computing-undergraduate-student-intern-early-internship-program-summer-2027"
"Student & Research Radar","6a9e27c4-e04c-83e8-b737-811c053a65d1","14","ICTAC 2026 공식 사이트·등록","https://ictac2026.github.io/"
"Student & Research Radar","6a9e27c4-e04c-83e8-b737-811c053a65d1","14","ATVA / Spotlights on Verification 공식 CFP","https://conf.researchr.org/track/aplas-atva-2026/atva-2026"
"Student & Research Radar","6a9e27c4-e04c-83e8-b737-811c053a65d1","14","Fields FUSRP 2027 공식 페이지","https://www.fieldsinstitute.ca/activities/26-27/FUSRP"
"Student & Research Radar","6a9e27c4-e04c-83e8-b737-811c053a65d1","14","NUS IMS RIPS-Singapore 2027 공식 페이지","https://ims.nus.edu.sg/events/rips2027/"
"Student & Research Radar","6a9e27c4-e04c-83e8-b737-811c053a65d1","15","Sandia 공식 Careers — 현재 2027 internship postings","https://cg.sandia.gov/psc/applicant/EMPLOYEE/HRMS/c/HRS_HRAM_FL.HRS_CG_SEARCH_FL.GBL"
"Student & Research Radar","6a9e27c4-e04c-83e8-b737-811c053a65d1","15","2027 Summer School on Combinatorics and Algorithms 공식 페이지","https://combialgo.dimag.kr/2027/en/"
"Student & Research Radar","6a9e27c4-e04c-83e8-b737-811c053a65d1","15","UNM McNair Scholars Research Conference 2027 공식 페이지","https://mcnair.unm.edu/conference/"
"Student & Research Radar","6a9e27c4-e04c-83e8-b737-811c053a65d1","16","GoEMMI 2027 공식 Winter School 페이지 및 Apply Now","https://goemmi-goettingen.de/"
"Student & Research Radar","6a9e27c4-e04c-83e8-b737-811c053a65d1","16","OIST Spring 2027 Research Internship 공식 지원 페이지","https://www.oist.jp/admissions/research-internship/apply-research-internship"
"Student & Research Radar","6a9e27c4-e04c-83e8-b737-811c053a65d1","17","Harvard CMSA 공식 세미나 페이지 및 Zoom 링크","https://cmsa.fas.harvard.edu/event/ai-93026/"
"Student & Research Radar","6a9e27c4-e04c-83e8-b737-811c053a65d1","18","Aalto AScI Summer Research Programme 2027 공식 페이지","https://www.aalto.fi/en/aalto-university-science-institute-asci/aalto-university-science-institute-international-summer-research-programme"
"Student & Research Radar","6a9e27c4-e04c-83e8-b737-811c053a65d1","18","Saarland QIT Summer School 2027 공식 페이지·등록","https://www.uni-saarland.de/summer-school-qit.html"
"Student & Research Radar","6a9e27c4-e04c-83e8-b737-811c053a65d1","18","ESSLLI 2027 공식 사이트","https://2027.esslli.eu/"
"CAU Daily Radar","6a9e80a4-50a0-83ee-af8d-b9fcae56e9fb","2","중앙대 교양대학 English Clinic 공식 안내·예약","https://ge.cau.ac.kr/board_notice_view.php?no=1593"
"CAU Daily Radar","6a9e80a4-50a0-83ee-af8d-b9fcae56e9fb","3","SW학부 공식 미니오픈랩 공지","https://sw.cau.ac.kr/sub05/sub0501.php?code=oktomato_bbs05&keyword=&nmode=view&offset=30&search=&temp1=&uid=3451"
"CAU Daily Radar","6a9e80a4-50a0-83ee-af8d-b9fcae56e9fb","3","중앙대 SW학부 공식 모집공고","https://sw.cau.ac.kr/sub05/sub0501.php?code=oktomato_bbs05&keyword=&nmode=view&offset=1&search=&temp1=&uid=3454"
"CAU Daily Radar","6a9e80a4-50a0-83ee-af8d-b9fcae56e9fb","3","SUMTECH 2026 공식 안내","https://sumtech2026.codetree.ai/"
"CAU Daily Radar","6a9e80a4-50a0-83ee-af8d-b9fcae56e9fb","3","SW학부 공식 특강 공지 및 신청 링크","https://sw.cau.ac.kr/sub05/sub0501.php?code=oktomato_bbs05&keyword=&nmode=view&offset=71&search=&temp1=&uid=3456"
"CAU Daily Radar","6a9e80a4-50a0-83ee-af8d-b9fcae56e9fb","3","SW학부 공식 수강취소 공지","https://cse.cau.ac.kr/sub05/sub0501.php?code=oktomato_bbs05&keyword=&nmode=view&offset=26&search=&temp1=&uid=3455"
"CAU Daily Radar","6a9e80a4-50a0-83ee-af8d-b9fcae56e9fb","4","소프트웨어학부 공식 등록금 안내","https://cse.cau.ac.kr/20141201/sub05/sub0501.php?code=oktomato_bbs05&keyword=&nmode=view&offset=37&search=&temp1=&uid=3413"
"CAU Daily Radar","6a9e80a4-50a0-83ee-af8d-b9fcae56e9fb","4","소프트웨어학부 공식 공지 게시판","https://www.cse.cau.ac.kr/sub05/sub0501.php"
"CAU Daily Radar","6a9e80a4-50a0-83ee-af8d-b9fcae56e9fb","5","SW학부 공식 코딩경진대회 안내","https://sw.cau.ac.kr/sub05/sub0501.php?code=oktomato_bbs05&nmode=view&uid=3442"
"CAU Daily Radar","6a9e80a4-50a0-83ee-af8d-b9fcae56e9fb","5","중앙대 영어교육과에 게시된 공식 안내","https://englishedu.cau.ac.kr/?bid=admin_01&m=bbs&r=home&uid=1913"
"CAU Daily Radar","6a9e80a4-50a0-83ee-af8d-b9fcae56e9fb","5","중앙대 교직팀 공식 모집공고","https://edu.cau.ac.kr/teaching/community/notice/View.asp?IDX=5541&search=&searchkey=&start="
"CAU Daily Radar","6a9e80a4-50a0-83ee-af8d-b9fcae56e9fb","6","중앙대학교 CAU Notice","https://www.cau.ac.kr/cms/FR_CON/index.do?MENU_ID=100"
"CAU Daily Radar","6a9e80a4-50a0-83ee-af8d-b9fcae56e9fb","7","소프트웨어학부 공식 공지게시판","https://sw.cau.ac.kr/sub05/sub0501.php"
"CAU Daily Radar","6a9e80a4-50a0-83ee-af8d-b9fcae56e9fb","8","중앙대학교 일반대학원 공식 공지게시판","https://caugs.cau.ac.kr/graduate/info/notice.do"
"CAU Daily Radar","6a9e80a4-50a0-83ee-af8d-b9fcae56e9fb","9","중앙대학교 공식 공지 확인","https://www.cau.ac.kr/cms/FR_CON/BoardView.do?BBS_SEQ=29989&BOARD_CATEGORY_NO=26&BOARD_SEQ=4&CONTENTS_NO=2&MENU_ID=100&P_TAB_NO=2&SITE_NO=2&TAB_NO="
"CAU Daily Radar","6a9e80a4-50a0-83ee-af8d-b9fcae56e9fb","10","CAU 공식 등록금 공지","https://www.cau.ac.kr/cms/FR_CON/BoardView.do?BBS_SEQ=29997&BOARD_SEQ=4&CONTENTS_NO=2&MENU_ID=100"
"CAU Daily Radar","6a9e80a4-50a0-83ee-af8d-b9fcae56e9fb","11","중앙대학교 산학협력단 공식 공지","https://iacf.cau.ac.kr/service/notice/view/11317"
"CAU Daily Radar","6a9e80a4-50a0-83ee-af8d-b9fcae56e9fb","11","중앙대 산학협력단 공식 공지","https://iacf.cau.ac.kr/"
"CAU Daily Radar","6a9e80a4-50a0-83ee-af8d-b9fcae56e9fb","12","CAU 공식 학과 게시판 상세 공지","https://koll.cau.ac.kr/board/u-notice/?vid=194"
"CAU Daily Radar","6a9e80a4-50a0-83ee-af8d-b9fcae56e9fb","13","중앙대 공식 게시판의 특강 안내","https://me.cau.ac.kr/bbs/board.php?bo_table=sub5_1&wr_id=5379"
